{
    "culturalibre_hero-heroine_hood_1": {
        "author": "culturalibre",
        "category": "Hat/Helmet",
        "changed": "2020-01-17",
        "created": "2020-01-17",
        "description": "Male and female hood. Find more textures in materials section.",
        "license": "CC0",
        "original_author": "",
        "original_source": "",
        "source": "http://www.makehumancommunity.org/node/2100",
        "thumbnail": "culturalibre_hero-heroine_hood_1.png",
        "type": "clothes"
    },
    "culturalibre_hero-heroine_hood_2": {
        "author": "culturalibre",
        "category": "Hat/Helmet",
        "changed": "2020-04-06",
        "created": "2020-03-01",
        "description": "Second hood for your male/female character.More textures in the materials section.",
        "license": "CC0",
        "original_author": "",
        "original_source": "",
        "source": "http://www.makehumancommunity.org/node/2309",
        "thumbnail": "culturalibre_hero-heroine_hood_2.png",
        "type": "clothes"
    },
    "culturalibre_hero_mask_1": {
        "author": "culturalibre",
        "category": "Hat/Helmet",
        "changed": "2020-01-14",
        "created": "2019-12-29",
        "description": "Hero mask. Find more textures in the materials section.",
        "license": "CC0",
        "original_author": "",
        "original_source": "",
        "source": "http://www.makehumancommunity.org/node/2055",
        "thumbnail": "culturalibre_hero_mask_1.png",
        "type": "clothes"
    },
    "culturalibre_hero_mask_2": {
        "author": "culturalibre",
        "category": "Hat/Helmet",
        "changed": "2020-01-14",
        "created": "2019-12-22",
        "description": "Hero mask.Find more textures in the materials section.",
        "license": "CC0",
        "original_author": "",
        "original_source": "",
        "source": "http://www.makehumancommunity.org/node/2049",
        "thumbnail": "culturalibre_hero_mask_2.png",
        "type": "clothes"
    },
    "culturalibre_hero_mask_3": {
        "author": "culturalibre",
        "category": "Hat/Helmet",
        "changed": "2020-02-08",
        "created": "2020-02-08",
        "description": "Mask designed for male model but it works fine for female as well. More textures in the materials section.",
        "license": "CC0",
        "original_author": "",
        "original_source": "",
        "source": "http://www.makehumancommunity.org/node/2202",
        "thumbnail": "culturalibre_hero_mask_3.png",
        "type": "clothes"
    },
    "culturalibre_hero_mask_4": {
        "author": "culturalibre",
        "category": "Hat/Helmet",
        "changed": "2020-02-09",
        "created": "2020-02-09",
        "description": "Hero mask for male and usable for female model.Match with 'Hero mask 1' and you will get a new design.More textures in the materials section.",
        "license": "CC0",
        "original_author": "",
        "original_source": "",
        "source": "http://www.makehumancommunity.org/node/2220",
        "thumbnail": "culturalibre_hero_mask_4.png",
        "type": "clothes"
    },
    "culturalibre_hero_mask_5": {
        "author": "culturalibre",
        "category": "Hat/Helmet",
        "changed": "2020-04-01",
        "created": "2020-04-01",
        "description": "Mask for male model.More textures in the materials section.",
        "license": "CC0",
        "original_author": "",
        "original_source": "",
        "source": "http://www.makehumancommunity.org/node/2396",
        "thumbnail": "culturalibre_hero_mask_5.png",
        "type": "clothes"
    },
    "culturalibre_heroine_mask_1": {
        "author": "culturalibre",
        "category": "Hat/Helmet",
        "changed": "2020-04-11",
        "created": "2020-04-10",
        "description": "Red mask for female model also good for male.More textures in the materials section.",
        "license": "CC0",
        "original_author": "",
        "original_source": "",
        "source": "http://www.makehumancommunity.org/node/2474",
        "thumbnail": "culturalibre_heroine_mask_1.png",
        "type": "clothes"
    },
    "joepal_medical_mouth_protection": {
        "author": "Joel Palmius",
        "category": "Accessory",
        "changed": "2020-03-27",
        "created": "2020-03-27",
        "description": "You normal disposable mouth protection used within health care",
        "license": "CC0",
        "original_author": "",
        "original_source": "",
        "source": "http://www.makehumancommunity.org/node/2369",
        "thumbnail": "joepal_medical_mouth_protection.png",
        "type": "clothes"
    }
}